Country,Year,"Adolescent fertility rate (per 1,000)",Fertility rate,GNI per capita(current US$),National parliament seats (% female),Labor force participation rate (GPI) (%),"Tertiary education, academic staff (% female)",Ratio of female to male expected years of schooling (%),Ratio of female to male unemployment (%),"School enrollment, tertiary (gross),(GPI) (%)",log(GNI)
East Asia & Pacific,2001,19.606004973272476,1.7801809966906847,3917.825733280051,16.565385147282534,79.71751223711027,35.339,96.38314785373608,87.73286489677817,82.828,8.273292119026276
East Asia & Pacific,2002,19.125342958651675,1.780793167951693,3872.1428325511715,17.12100886162236,79.48774187831053,35.5491,96.72804445087733,87.25639303832328,86.009,8.261563336288201
East Asia & Pacific,2003,18.586626680243718,1.7834162100609494,4052.4137704192963,16.056572598333094,79.27286357770964,35.56887,96.77023502684878,87.95622168402812,86.797,8.307067975263596
East Asia & Pacific,2004,18.190692105288623,1.7870189025295065,4555.643831340927,16.61368915568315,79.04078915260283,35.74409,97.73533215040315,89.029771205609,89.588,8.424122145773906
East Asia & Pacific,2005,17.99405681953766,1.7863772178329647,4984.8594271767815,16.928497274850766,78.88810919864189,37.31749,98.07782767101936,90.19300879007226,90.50399999999999,8.514160482836205
East Asia & Pacific,2006,17.926932823851256,1.7923943954270714,5271.257293779792,17.304894251626898,78.71654057565912,36.78578,98.64393085451015,89.41014653426751,93.991,8.570024188750548
East Asia & Pacific,2007,18.06154815065541,1.7968940933043422,5640.94640770938,17.741843597520774,78.56357217974985,37.84825,99.0656498861279,90.2345472535305,97.65899999999999,8.637807133200143
East Asia & Pacific,2008,18.595185148828737,1.7964199406513317,6150.6019639472825,17.952785076195482,78.39371450890471,38.59996,99.42812836358995,86.71900593432294,99.412,8.724305236327229
East Asia & Pacific,2009,19.203143251423317,1.7957006056927647,6509.954460082049,18.33054792729175,78.16877434784831,39.20474,99.8928763152028,85.70121886486416,101.435,8.781087739799046
East Asia & Pacific,2010,19.77528520284232,1.7970651337916062,7323.392019306204,17.759812030075185,78.0450960415984,39.71789,99.80932312075544,85.91791920628916,102.99499999999999,8.898828890238685
East Asia & Pacific,2011,20.302190423542363,1.7996590897942943,8125.833657349973,17.685663082437273,78.01268135032882,40.32092,100.10967209756454,84.66256156290642,104.48599999999999,9.002803605916045
East Asia & Pacific,2012,20.76048971991876,1.8050016970465572,9094.133775197322,17.851136782598008,77.89883385400135,40.22589,100.66371084857147,84.20925156086086,107.575,9.115384844546975
East Asia & Pacific,2013,20.888827165702672,1.8004291572410644,9700.000286617844,18.820215897939157,77.8314936182289,40.08099,101.07963549166514,83.08894287661121,110.175,9.179881194039705
East Asia & Pacific,2014,20.98107797125288,1.802520870484975,9920.811865152833,18.59131702370389,77.82877328567292,,101.78277578993205,82.81149583833209,112.836,9.202390038175352
East Asia & Pacific,2015,21.05460445941618,1.8057784731353557,9800.858463105536,19.27838884585593,77.63981294275362,,102.005653235515,82.69668434211783,114.462,9.190225259098234
East Asia & Pacific,2016,21.057914236624093,1.8044825660088053,9858.680869843245,19.391873104145603,77.85231724122512,,102.46124231635392,83.78428493247245,116.05000000000001,9.196107652626578
East Asia & Pacific,2017,,,10170.412860860108,19.658827238335427,77.63296631516204,,,86.55839248280729,,9.227238084173392
Europe & Central Asia,2001,24.57558658331902,1.54194408779553,12085.350679957768,16.53639969777106,73.1244594176266,43.28802,100.67594204151936,110.87041140426342,117.059,9.399749310503731
Europe & Central Asia,2002,23.37012597699754,1.554670837997336,12017.837507483886,18.332366283363225,73.82338788210106,42.97018,100.84341770117656,107.3267600468144,119.895,9.394147284040601
Europe & Central Asia,2003,23.280232068348738,1.5684174740029946,13602.674436335661,17.765373672230652,74.1456526693469,42.80914,100.97617862655949,104.39073143396702,119.557,9.518021702121683
Europe & Central Asia,2004,23.170676609103012,1.5972456059397169,16564.60037073647,18.81787134956825,74.23858519071617,43.18363,101.40574004059071,106.26482347306529,121.581,9.715023189525175
Europe & Central Asia,2005,23.024768177864026,1.5887039986565077,19209.861506873825,19.16809235427706,74.40769779611011,43.76729,101.7404838011753,108.34372810005789,122.334,9.86317904630787
Europe & Central Asia,2006,22.82363532878967,1.6188836662652526,20812.519348520476,19.539505494505494,74.86885176887296,44.71398,102.03242465706826,107.40765037259638,122.702,9.943309976381009
Europe & Central Asia,2007,22.569053489420863,1.663719909265665,22566.07834523128,21.008349284477255,74.99555592329251,45.03805,102.27100990079845,106.33976062697647,122.735,10.02420309951862
Europe & Central Asia,2008,21.974439127246754,1.7218935225789576,24536.756282566836,21.350262939385548,74.98132126662914,44.9724,102.58129869520484,103.55628171652468,123.116,10.10792752870375
Europe & Central Asia,2009,21.39717298720742,1.7206932661751162,24254.68929572815,21.894285194285196,75.50137798624321,45.21301,102.80844961592031,93.89589549739752,122.681,10.096365250691195
Europe & Central Asia,2010,20.83783120410502,1.7277583326566017,24466.181436216204,21.9948031924542,75.57256642240597,45.48282,102.69925225884369,95.50379158469734,121.786,10.105047093430596
Europe & Central Asia,2011,20.25836220290164,1.7127851782825276,24918.531563291657,22.70588021778584,75.86066336657284,45.71591,102.65417563981659,98.24052267222746,120.928,10.123367045133548
Europe & Central Asia,2012,19.673264874128062,1.738330356423884,25198.67211176682,23.752552444404426,76.07686211804184,45.87398,102.53699718104016,98.48063428850188,118.536,10.134546578133632
Europe & Central Asia,2013,19.03004125131016,1.7276789159768735,25888.89407203295,24.67533495189281,76.32165222905512,46.95759,102.69736481409215,98.94546338455129,117.171,10.16156935541888
Europe & Central Asia,2014,18.410131023439686,1.7537802502669346,25889.44853785251,25.348431768158473,76.3634248794929,46.9978,102.63541623917595,98.73645235932196,115.66300000000001,10.16159077231991
Europe & Central Asia,2015,17.81276846510242,1.7545504370326608,24500.58061555912,25.752678899082575,76.41073685774279,47.05131,102.54780918941441,99.997868244613,115.36599999999999,10.106452094846262
Europe & Central Asia,2016,17.21172026555394,1.750037094445922,23174.915096581757,26.117650894187776,76.56115266126909,46.92422,102.48717595522551,101.08207176557445,114.794,10.050825726849427
Europe & Central Asia,2017,,,22651.450903240242,27.620413269088214,76.62046146418956,,,102.19636406234802,,10.027979186397785
High income,2001,24.98743635690153,1.7021939509489625,25129.519743160283,18.146735250892295,72.16608619488728,35.13889,103.07532842466135,111.21811388969402,113.998,10.131798519458098
High income,2002,24.470349143828106,1.6880461550322303,24866.463245794985,19.131935680846734,72.56480528165433,34.97752,103.30889159977362,107.48927101394149,116.848,10.121275317026274
High income,2003,24.307287277528122,1.6958000774546047,26769.685836273773,19.597365805168987,73.13526477247542,35.30972,103.85067071924838,108.33397253528908,118.646,10.1950254007815
High income,2004,24.124765397809767,1.7045618063490626,30526.0536089102,20.206714723017676,73.46527428288702,36.19381,104.34418858404041,110.9444337825367,120.523,10.326335814645647
High income,2005,23.90016506065643,1.701535497223936,33629.425300749506,20.801398938736128,73.7925821149438,36.6706,104.44131931596772,113.24181878206831,121.519,10.423156715701873
High income,2006,23.58862625063793,1.738610214219101,35317.19776843993,21.274523396880415,74.16128839012451,37.33042,104.52488132924157,114.55355980896611,122.42200000000001,10.47212531319105
High income,2007,23.24604784049321,1.76230376372693,36701.59673225227,22.254798464491365,74.37876669101769,37.56384,104.55155976561322,114.25131320496291,123.006,10.510575540787027
High income,2008,22.350667466856194,1.7686461226512977,38310.64871293622,22.41569962597104,74.77667447280785,38.19373,104.54886056688267,108.98592797104696,123.49699999999999,10.55348317080469
High income,2009,21.445601657883778,1.7411382664417356,37640.330884855895,22.905973154362417,75.41428331926777,38.66967,104.90281037070851,95.65429896205741,124.203,10.535831384437932
High income,2010,20.537710421884928,1.7293674327627975,38620.73869050711,22.997220891231436,75.58042947386289,39.1909,104.94829091101452,98.3446578373758,124.54499999999999,10.561544682948913
High income,2011,19.621980644199308,1.7127698119164345,39931.8178832079,23.54976489780252,75.81361814575438,39.60859,105.06416226779803,103.96610880575746,124.25600000000001,10.59492872577297
High income,2012,18.68471337503006,1.7181497337946543,41238.857489337024,24.08992998945046,76.02903464426008,39.98887,104.89172538458699,106.88749055309908,124.285,10.627136233802833
High income,2013,17.946053369046584,1.6861455527341371,42029.17108683848,25.07417771232204,76.30209300273725,40.37202,104.79992891736583,105.55330443285554,123.024,10.646119205864128
High income,2014,17.220450966275948,1.6968286283125216,42093.12189732087,26.07851005662956,76.58797226196639,40.80337,104.70180757888447,107.93958755392613,122.53099999999999,10.647639630962715
High income,2015,16.511953976056994,1.6944595771108777,40924.62256910831,26.435206628069476,76.68955405405819,40.8899,104.78112642319131,108.00165471641891,122.6,10.619487179694874
High income,2016,15.799033805847309,1.6780529189653837,40009.05232206289,26.62885977680737,76.98416287726029,40.98952,104.7803190349346,108.78334460937977,122.397,10.59686101554384
High income,2017,,,40135.99281586618,27.805775577557753,77.06895844789449,,,110.66173218668257,,10.60002878716931
Latin America & Caribbean,2001,78.93881528395755,2.5596685290833086,3928.3587778533815,14.332519663683211,59.96156442518676,38.92819,102.62224550670773,147.20516251593455,117.632,8.275977003860623
Latin America & Caribbean,2002,77.66809933800683,2.504797951930332,3678.266878236725,16.079010106245143,61.09460485616693,41.86684,102.53043107233376,143.41540905912396,120.028,8.210196963227007
Latin America & Caribbean,2003,76.19913453621122,2.4521980076970764,3690.1867287075006,18.450255164034022,61.77856554622953,40.01196,104.0269402594784,152.8701807171974,121.22800000000001,8.213432339740008
Latin America & Caribbean,2004,74.74278587765339,2.4027733973373744,4036.671945638228,19.012915756251516,62.98775423230861,39.98285,103.60062355638328,159.09553363186328,120.953,8.303175855633308
Latin America & Caribbean,2005,73.3025467405771,2.356180525622432,4532.314289481652,20.21530810286269,63.77270160340092,41.51173,104.01536353644867,157.5018427536716,122.36800000000001,8.41898796870225
Latin America & Caribbean,2006,71.87192330412562,2.3138831773851827,5167.498646038994,20.34859678579995,64.76707240228147,41.89439,104.81989256941014,160.4927060200343,124.346,8.55014402954118
Latin America & Caribbean,2007,70.45032911176563,2.2760234398528354,6070.8153139558835,21.116770483948255,65.07175537884756,41.59589,105.47709477597975,161.08110674118285,127.219,8.711248193642485
Latin America & Caribbean,2008,69.70046188338632,2.2436963928390967,6981.144894936698,22.171814487210135,65.37767753826996,43.11526,105.78154529274691,158.39694993773577,128.448,8.850968207368343
Latin America & Caribbean,2009,68.94290508389487,2.2150261041491257,7139.096856798504,22.711624583134828,65.94846522660991,44.58548,106.03209689352491,149.34205796572857,129.817,8.873341556688546
Latin America & Caribbean,2010,68.17606515950239,2.1905860117601366,7974.3587257365925,23.022884848484846,65.60031331959456,44.10576,105.83493684161355,149.41489140857678,130.562,8.983986513853997
Latin America & Caribbean,2011,67.40329995072169,2.1682781546179903,8769.114584950703,23.0389486260454,65.59495311077885,42.45211,105.80120952842782,151.2832173840106,129.586,9.078991120742756
Latin America & Caribbean,2012,66.62501435333499,2.1472487973277223,9686.53178543816,24.49148732663797,66.18053438216965,42.20469,106.04344617945121,143.72762896869256,130.338,9.178491723937832
Latin America & Caribbean,2013,65.58060429705475,2.126647672677688,10074.085742792913,24.810216952573157,66.32788486836223,41.14035,105.74596612434301,141.7636071388992,130.66400000000002,9.217721637565077
Latin America & Caribbean,2014,64.53617029785372,2.106393238749112,9941.06714672722,27.53975273418926,66.18224479994367,41.29737,105.16420128276499,137.83462133244524,130.66500000000002,9.204429652713749
Latin America & Caribbean,2015,63.491427371717904,2.085687690641416,9082.040882045058,27.90835015136226,66.58701630037059,41.53277,106.03215574098651,139.31371132457622,132.168,9.11405421308413
Latin America & Caribbean,2016,62.44719775227963,2.064714911830055,8324.163924697194,28.707708678174512,66.90401942892296,41.59858,106.11660854573387,135.3062448043127,131.51,9.026917880339466
Latin America & Caribbean,2017,,,8200.198847563272,29.28498590225564,67.02146511648363,,,136.17995334983885,,9.011913682661163
Low income,2001,121.03383376422983,5.732850477082803,272.08914880886886,12.723573543928923,81.99821782815255,20.48886,78.01863268521777,134.9437669707966,42.051,5.606129765570507
Low income,2002,119.53875633859582,5.66596767381198,277.8126892226253,13.846127440463421,82.17465009286188,20.34329,77.55449242899961,137.1528054112563,42.541000000000004,5.6269471068243035
Low income,2003,117.88385025016265,5.5984462197862825,288.2705279666492,13.286075949367088,82.35122971720186,19.96996,78.18465674033418,136.68271277735994,42.876999999999995,5.663899372456109
Low income,2004,116.24796178668531,5.529912591783151,326.0616387827282,14.494674141555715,82.53148923791919,19.52822,77.6635547619333,136.74939095560262,43.602000000000004,5.787086439514728
Low income,2005,114.59999996282723,5.460143686423015,364.63475348234886,16.800429594272078,82.68435780906013,19.21991,80.07722641166716,139.95331919546183,45.486,5.898896177181787
Low income,2006,112.90088543452354,5.386307843831831,397.49633823701635,16.862954148818023,82.6354198680253,18.79143,81.30476445056587,137.58166746599173,45.898,5.985185722069607
Low income,2007,111.22071963577656,5.311247635025529,445.6505911423955,17.51803560274828,82.69951179395537,18.78279,82.10175647783161,136.97664625705994,46.446,6.099535217048181
Low income,2008,109.30560156616566,5.235297305618856,507.6360567526284,18.9125321239607,82.7865631756376,18.23211,83.15527080682432,132.50661629617318,47.3,6.229764767109076
Low income,2009,107.40788801639745,5.1585685999017095,566.5212051607616,18.47148760330579,82.91838449008208,17.57607,84.11766068375348,136.028129633331,48.04,6.339514511648814
Low income,2010,105.52373844426484,5.081764607984171,611.4383547157634,18.489067524115757,83.09215059725584,17.10261,85.02762563684169,136.32252662672556,49.433,6.41581414009587
Low income,2011,103.66983015101432,5.0058831335098875,642.1356291232881,20.644206621004567,83.30346042008756,17.34723,85.94069977522022,131.93890572515826,50.854,6.464799541694291
Low income,2012,101.78914322191008,4.930431958501666,695.7070871729827,21.264145810663766,83.40830591618807,17.10714,86.7852815089732,131.1179725470126,53.20700000000001,6.544928719988506
Low income,2013,100.07341093928905,4.855163129201001,747.2921110928878,22.071547716707688,83.43644368330717,16.95727,87.39217816237291,129.34711430076734,53.73,6.6164561543341405
Low income,2014,98.34134064516476,4.780673838815445,785.916985569967,21.440676993689042,83.5861705162402,16.62454,87.55434632742916,126.75666704105139,54.335,6.666851170528212
Low income,2015,96.60424578610026,4.706844396082158,761.7575842376704,22.73609344760851,83.8086179131303,16.53054,88.54562335585703,126.47581841121398,55.486999999999995,6.635628374150577
Low income,2016,94.89148425265606,4.632225199576858,734.1384717164595,22.645694130174366,84.05660645790437,,,126.66412294848854,55.408,6.598697664386329
Low income,2017,,,744.1459358086981,23.180902275417598,84.12105445702399,,,127.16220120875579,,6.612237165878649
Lower middle income,2001,68.3207605655835,3.3838815014606958,557.6658110893266,8.956065943356347,51.4341162186772,38.83188,85.4382236954538,124.79496002413956,79.738,6.32375987810832
Lower middle income,2002,66.3125807490154,3.3329339472975352,568.1503457994802,10.25911303407247,51.58187779430402,38.92478,86.48693977765723,123.74769822599609,83.031,6.342386077005002
Lower middle income,2003,64.52243661660924,3.281928730046253,625.6246189065382,10.348606479275846,51.824673070694814,38.97976,90.24361285645995,127.79849390870822,81.69,6.438750540928901
Lower middle income,2004,62.74569767983847,3.2352577529412496,730.9303605505381,11.016975528629128,52.0842890208112,40.06006,90.27466322004045,132.1513168422874,81.187,6.594318189206948
Lower middle income,2005,60.98585122722456,3.186284495043907,830.3381631542114,12.06526402640264,52.39853291012174,40.18754,90.96651249140409,136.16984714815595,83.662,6.721833043302419
Lower middle income,2006,59.23213506279379,3.141152543720053,934.5872418700831,12.487241741566477,51.831688540976856,40.03363,91.68804230244103,136.75838819467933,86.50099999999999,6.84010497927446
Lower middle income,2007,57.499941896873,3.0966981068351904,1085.579094463318,13.294170841989493,51.317321193352356,40.12775,92.32090552162533,138.31428557115458,84.816,6.989868851208597
Lower middle income,2008,56.10488376899687,3.054327956375904,1243.8444742651745,13.82195591954715,50.77849349359508,40.20481,93.65344270387425,131.9239547794824,84.634,7.125962244796228
Lower middle income,2009,54.730459903572935,3.0092464526412033,1355.7094737279285,15.231330573625074,50.26937744879433,40.07382,94.71755886898372,139.00103353524966,84.908,7.212080193131982
Lower middle income,2010,53.367037914080996,2.964688009699901,1505.3569385708654,15.825120990433316,49.88645773006233,39.93274,95.13117108232375,141.0703338964629,85.066,7.316785317548602
Lower middle income,2011,52.00734190375538,2.9230441139292545,1677.4566987168344,15.495481793960922,49.618601679985545,40.09705,95.30081850328473,135.3435824022616,86.282,7.425034055527182
Lower middle income,2012,50.65186767503588,2.88611071490293,1892.5625549287408,16.071588848594743,49.30085462800545,39.85978,96.46548574209088,131.18062410741376,92.673,7.545687038888837
Lower middle income,2013,49.69078910213991,2.85264785148448,1991.000666959469,17.340754803820044,49.56718278519382,39.75549,99.06036664531341,132.3870517659224,96.819,7.5963926390513175
Lower middle income,2014,48.733307036990006,2.822051319315628,2052.146560475737,18.13227731864096,49.84304353768085,39.80134,99.46972838389223,132.10026743959617,99.917,7.6266416269739326
Lower middle income,2015,47.77452217764241,2.7933368779176226,2047.350676274821,18.8461892171514,49.8986607479695,39.85206,99.59165490464956,135.82436115479845,99.424,7.624301883287411
Lower middle income,2016,46.793339732440764,2.764234119259472,2062.396039112491,19.064024587512133,50.43302724269049,40.2044,100.70842214666972,133.35402331149115,100.925,7.631623711659655
Lower middle income,2017,,,2118.1479076499318,19.369085140137496,50.405794053830206,,,134.04121063216402,,7.658297357363291
Middle East & North Africa,2001,41.26450287055899,3.1106621296747474,2963.166763987728,4.329201470096892,26.570860078882326,30.15844,88.84244113251746,171.91117957036658,89.791,7.9940138281321165
Middle East & North Africa,2002,39.681008708506674,3.035409100713288,2950.005999619164,5.897101932045302,26.47893746715354,29.89357,89.66881638945644,179.8443088825296,93.162,7.989562483101006
Middle East & North Africa,2003,39.32322284675501,2.975702837111173,3201.6426495825394,5.871467391304349,27.24817291219207,29.90268,90.79858608441197,184.53715901041627,98.32,8.071419285074617
Middle East & North Africa,2004,38.979045289873525,2.925678136864812,3628.5414010381446,6.600362557679631,27.88367182384916,29.87289,92.00047054540333,192.53691527376273,97.86,8.196586028612625
Middle East & North Africa,2005,38.64516554691095,2.8883812600697842,4134.857180983882,6.169874476987447,28.48728141894352,30.67376,92.70003273377371,205.39467278112923,99.55000000000001,8.327208067800575
Middle East & North Africa,2006,38.30617885332593,2.867736852985081,4703.7654113872695,8.062388451443569,28.68069771860601,31.03714,93.36946422265578,206.24200503102114,102.345,8.456118618306695
Middle East & North Africa,2007,37.992426789993246,2.8587457549875777,5420.587942090811,8.355546854607152,29.309416765176003,32.08615,93.90327496492024,200.50586006102765,101.055,8.597959564951072
Middle East & North Africa,2008,38.21093663539447,2.860907679656632,6301.808660168179,8.30806577916993,29.094053542188163,31.00721,94.78596400277583,210.44675861442724,108.208,8.748591960093071
Middle East & North Africa,2009,38.45491591801145,2.8681100814070666,6497.176520978394,8.792458677685948,29.35689334842203,31.76169,94.50308002707465,228.3922817938256,105.29599999999999,8.779122980124864
Middle East & North Africa,2010,38.727813319260804,2.87787844846376,6904.8806833366025,10.42784461152882,29.371154670082603,32.12705,94.76458792170637,227.08647065533873,103.342,8.839983785945595
Middle East & North Africa,2011,39.02754074411909,2.8812107597466126,7307.734764805871,10.058646616541353,29.15397591735982,32.41755,94.84390834907732,219.40279270874618,104.402,8.896688623025067
Middle East & North Africa,2012,39.35819124636057,2.879420118024297,8222.909497228442,13.146299171842651,29.34211447731883,33.30053,95.36774656371585,223.45807196771656,104.229,9.014679378857604
Middle East & North Africa,2013,39.10898617885606,2.8667656391770566,8699.713591064223,15.935426540284361,29.415675197438297,34.38434,95.06744846496596,229.40351696461744,102.242,9.07104538353345
Middle East & North Africa,2014,38.86938933988885,2.8450253592573107,8670.572643432528,16.088305135054913,29.261919086086483,35.67106,95.3525761858086,226.64155061821089,101.72099999999999,9.067690116432274
Middle East & North Africa,2015,38.61314272592852,2.8133378836375016,8041.585074568274,16.388245770258237,29.706560386452878,36.12292,95.75193821823376,226.32370842341072,101.946,8.992381491319929
Middle East & North Africa,2016,38.234552949023104,2.7744699826012313,7628.280182524966,17.015310028068384,30.05940288836687,36.24552,96.31587782403747,228.38939016104342,104.953,8.939617696843465
Middle East & North Africa,2017,,,7244.65008222982,16.22710137544575,30.046756583896087,,,226.92272937455738,,8.888018555759533
North America,2001,42.058771271727004,1.9775784520823148,35487.70567973579,16.699184782608697,80.00346441769972,41.35696,107.03893581836802,96.05320445586804,132.62,10.476941596600593
North America,2002,40.4982149308117,1.9701167678360416,36102.53218824799,16.580978260869564,80.31988573232411,41.99557,107.37452098326946,93.69432513359342,134.603,10.494118285579798
North America,2003,39.83757875955508,1.9953571248154833,38522.282196765074,16.876494565217392,80.930817901392,42.02556,108.11922006232065,90.43651610559763,136.44,10.558992111217384
North America,2004,39.17767028248175,1.9989555391396487,42286.10418165775,17.470121130551817,80.85208965271428,43.15545,109.14147549965458,95.25512884268772,138.875,10.652213804720551
North America,2005,38.513676330691744,2.0049449349090485,45147.15329216546,17.645760430686405,81.0139695988528,43.10091,109.24679224193437,99.49452550598836,140.084,10.717682506849986
North America,2006,37.82735733210455,2.0554466591115643,47077.67082050626,18.16541049798116,81.11032480327393,44.24155,109.35208788780413,99.37358828520095,141.244,10.759554087348912
North America,2007,37.141089509800416,2.073502676004326,47941.24788180039,18.65472972972973,81.37483838760379,44.23303,109.35063378226243,94.33951107450893,140.898,10.777731537724701
North America,2008,34.99161889536802,2.032486821900403,48903.12607739522,19.114131897711978,81.84156898076327,45.23297,109.03678308064839,88.54820105109181,139.774,10.79759660138275
North America,2009,32.848482059226356,1.9681890816751484,47574.98545248374,18.997039030955584,82.58826362237212,45.83888,110.09302040645244,77.90969651245537,139.509,10.770062386383614
North America,2010,30.71234832508764,1.9001659618296638,48510.905937183314,18.997039030955584,82.69169672906831,46.39667,109.93644331824035,81.92292463159365,139.205,10.789543916331493
North America,2011,28.559381233934346,1.8656956033701644,50138.321596174224,20.114439946018894,82.5502000883253,46.97439,110.27701697899349,90.02254636687493,138.74,10.822540896803666
North America,2012,26.40580730873271,1.8535417442705002,52382.47197306353,20.781132075471696,82.31571611283192,47.46134,109.7269271004801,95.1554726068608,138.879,10.866327310019232
North America,2013,24.714254484230246,1.8301232114227335,53560.71742969446,20.734100135318,82.20290223514215,47.83844,109.27036504053952,92.1434476529089,136.52100000000002,10.888571194593936
North America,2014,23.028474962569256,1.8341218261939645,55009.52784668965,21.699730458221026,82.39105462057707,48.30417,109.2800765367137,95.56453378030697,134.955,10.91526168278758
North America,2015,21.346751421005475,1.818955144247561,55425.60413415295,22.28963730569948,82.10111359513428,48.27099,109.19626353376847,94.81546103816216,134.476,10.922796934454931
North America,2016,19.661938493467147,1.7798490551233828,55508.749272746645,22.297142857142855,82.22078966920243,48.40363,109.18794116041771,94.64247562757268,134.527,10.924295931863922
North America,2017,,,56721.93486166171,22.409765624999995,82.21799261928574,,,96.31305169799299,,10.945916273135857
South Asia,2001,68.33589403044458,3.385698193454739,447.8606075837822,8.104324894514768,39.92083269528391,34.53218,79.63270099285903,110.16405131253583,66.314,6.104482040213514
South Asia,2002,65.12775635525355,3.311200947515904,454.17354286279175,9.084903581267218,40.443727197253736,34.48694,81.16645161862941,112.01676747819478,67.289,6.118479378003026
South Asia,2003,62.30646096506602,3.2387954865504063,507.0189713984932,9.179118457300277,41.01213027234171,34.40691,87.54439068570203,117.94949235399314,66.12700000000001,6.228548421823052
South Asia,2004,59.492869651915356,3.16763626205821,590.7873112722197,9.026113249037932,41.589170478569194,37.35248,86.953409771496,121.51942664270126,65.783,6.381456073229938
South Asia,2005,56.68625505300212,3.098147722630405,683.5589476970856,13.277477477477477,42.206186253744384,37.12119,88.72758246671523,129.33275199680793,69.93599999999999,6.527312896332684
South Asia,2006,53.864034771640405,3.027447635699517,759.6425752089833,12.85611374407583,40.86334554948881,37.14179,89.41005018606953,131.83090382282415,71.21499999999999,6.632848026878979
South Asia,2007,51.0489118189451,2.9558686123837448,875.8454100979993,14.286535391165515,39.548822323801424,37.43801,90.22558758554862,133.1688755427392,69.33200000000001,6.775189602872421
South Asia,2008,48.64575586863065,2.8841039322261253,955.171920795784,18.46247325631151,38.30784136257683,37.74697,92.08656049662054,127.32569077424382,69.53,6.861891346054445
South Asia,2009,46.25051550319835,2.812736058410488,1058.9203464275759,20.057301980198023,37.18769160757695,37.87137,93.81063304748197,138.4031460786251,70.257,6.96500512693457
South Asia,2010,43.8638502441114,2.7442134527009916,1160.0396927133913,20.051980198019805,35.96767478647055,37.67442,94.04916339833464,134.03320251238512,72.78999999999999,7.056209501371365
South Asia,2011,41.49267675528488,2.6797116151948788,1296.5637705734816,20.34092219020173,35.45158612991074,37.72025,95.17731642297439,132.97368801156378,78.019,7.167472790482152
South Asia,2012,39.113350049695995,2.621859853729067,1404.958739686378,20.34092219020173,34.899743648208734,37.53311,96.45789362836696,127.57713905691301,86.374,7.2477632145653725
South Asia,2013,37.77810938740122,2.571398436310479,1450.4800315143277,20.041701244813282,35.261311378751415,37.35279,101.28260899303706,136.61010912645673,91.538,7.27964983684438
South Asia,2014,36.4295092158649,2.527947428445518,1494.5273627486913,19.231071576334298,35.624612624643525,37.18182,101.77640233488368,137.74493700040279,95.774,7.30956529052172
South Asia,2015,35.06693152730371,2.4914913856623957,1540.8322565142546,19.315545529122232,36.01746197320267,37.05266,101.92499884820799,144.02451008079296,95.357,7.340077975737926
South Asia,2016,33.6864550901314,2.4596142069718923,1617.5523952532023,19.406450287592442,36.41608063059856,37.62476,103.57576030606306,142.9620083000075,96.039,7.388669418588106
South Asia,2017,,,1743.1971110052477,19.408096999588984,36.253706774594306,,,141.28245398799982,,7.463476126335122
Sub-Saharan Africa,2001,127.15068417360274,5.720313828238793,492.1629297586053,12.284699786650409,82.50976652004793,26.26844,82.60118402573924,137.04745437814813,69.39800000000001,6.198809819717531
Sub-Saharan Africa,2002,125.98062163543815,5.671208943418481,487.4869503298535,13.464862138533961,82.69737828687853,25.78043,82.09356014127631,138.82303008269722,69.845,6.189263521525471
Sub-Saharan Africa,2003,124.3731800646574,5.621883099316921,531.3663272989248,13.718447325286842,82.93921645513448,24.59071,82.73588340683905,138.612298212155,68.328,6.275451665301677
Sub-Saharan Africa,2004,122.80318870016427,5.572506862640183,663.3075196217144,14.736838667537556,83.28589198562901,23.33944,83.18905336960145,139.75516468345236,69.32300000000001,6.497238713150071
Sub-Saharan Africa,2005,121.26258768039361,5.522387723188283,802.6887423583729,16.238912402205976,83.4942726054794,22.86633,84.04938019111248,140.6310068018656,69.553,6.687967020320575
Sub-Saharan Africa,2006,119.7205665049748,5.470608187691242,923.332363636455,16.64047649220631,83.6417796979979,22.62591,84.89863637222338,141.1982681331421,70.597,6.827989260299497
Sub-Saharan Africa,2007,118.20334080747477,5.417876896721461,1030.5130391227203,17.30862134931769,83.85945264680076,22.21119,85.60896461365812,138.96778963167353,70.59,6.937812053450579
Sub-Saharan Africa,2008,116.46329745106237,5.363729331222456,1150.97201576166,17.802729719338714,84.14902608342169,21.4835,86.52236995972108,137.24916223934696,69.893,7.048362095447742
Sub-Saharan Africa,2009,114.69651687873271,5.307353753250827,1186.1312708991834,18.468577174459526,84.41548579903755,20.24831,87.29701282811607,133.8567822975576,70.582,7.078452257158803
Sub-Saharan Africa,2010,112.89455017352701,5.248709299135504,1287.4532761717946,18.745367043121146,84.73729492853928,19.45185,87.97319068449565,135.60119272597314,70.32000000000001,7.1604213415273765
Sub-Saharan Africa,2011,111.05996430871951,5.186754684970506,1412.4511837691336,20.545992389836748,85.1227303094203,23.31599,87.54022978965345,136.0206990137532,68.792,7.253081902259934
Sub-Saharan Africa,2012,109.2043826191111,5.1221001740664125,1631.2859681891005,21.382354365992487,85.33521104118856,23.55417,88.96694270281645,135.69823980924343,71.249,7.3971239202925005
Sub-Saharan Africa,2013,107.29649927535374,5.05557267162263,1685.858191024564,22.25145045254119,85.58336352659352,23.70738,89.5639527239554,135.29432047730637,72.163,7.430030025311785
Sub-Saharan Africa,2014,105.40461699223795,4.987753386082873,1750.5885735771722,22.10666747337851,85.76651730052629,22.95858,89.7245876454701,132.37397184390122,71.734,7.467707338130442
Sub-Saharan Africa,2015,103.53899248864663,4.918879908201568,1663.0874707803594,23.640947780078214,86.01984298622673,23.04404,,133.31416461348434,72.817,7.416431075993913
Sub-Saharan Africa,2016,101.68785139403707,4.849550216375525,1518.6674541413554,23.496415889924542,86.21406717564444,,,129.40942403134574,72.943,7.325588554429133
Sub-Saharan Africa,2017,,,1453.789523936739,24.228700341146695,86.31820559707526,,,129.25700023680488,,7.281928891038012
Upper middle income,2001,31.913153899362,1.8225869368598298,1811.6570404759552,14.505453558831512,76.718365720756,44.06252,98.44105791638198,95.50479484285731,103.79899999999999,7.501997197428349
Upper middle income,2002,30.35375693967273,1.818904865978451,1893.7084768600234,15.497541541152465,76.78730643810789,45.12852,98.5221127940725,96.63788556786871,105.425,7.546292342606743
Upper middle income,2003,29.153924464174278,1.815552328978885,2079.236901077725,15.566238649912867,76.63965356408586,43.81724,99.00787155240279,97.02360713886063,105.741,7.639756230898594
Upper middle income,2004,28.20367400489051,1.8139155343195974,2443.604874940864,16.389068278163617,76.49265784275583,43.21317,99.70185225234928,99.12222140492901,107.978,7.801229635756788
Upper middle income,2005,27.589052305224595,1.806709778624408,2874.313112857366,15.688913506604177,76.3783751426885,43.56782,100.46335505223733,100.570642388394,108.677,7.963569007419171
Upper middle income,2006,27.27300477736153,1.80497047328104,3368.831570319385,16.51568477429227,76.26396172675446,43.98957,100.92024665092103,101.06208512912494,110.36300000000001,8.122321248188094
Upper middle income,2007,27.264111695841194,1.8101684947850443,4045.823415246972,17.37176157176157,76.04264787295017,44.379,101.46607391556101,100.03447187420701,113.33,8.305440372496204
Upper middle income,2008,27.78307443846845,1.8162463517424376,4824.854108915546,17.937990502374404,75.73730287764243,44.84789,101.85687808249301,98.9612649279219,115.646,8.481535776821767
Upper middle income,2009,28.391244799761264,1.8184398196662583,5203.990101578286,18.653394148586457,75.56246719014266,45.92532,102.27375000387933,97.86970464307934,116.071,8.557180937551088
Upper middle income,2010,28.944496654032637,1.8204604015513097,5869.955667708385,18.665868018644208,75.16063827189262,45.85345,101.70648568176381,97.72811441056045,116.849,8.677602360444114
Upper middle income,2011,29.445120974897975,1.8212553868732275,6564.31272979716,19.36629557236339,75.13353403690692,45.41522,101.89521565246618,98.28309857777475,117.939,8.789403094249542
Upper middle income,2012,29.872594780668326,1.8293817850592085,7503.818980069673,20.993924886504335,75.1293964415796,45.14373,102.27632152883149,96.57360198614064,118.17500000000001,8.92316736727005
Upper middle income,2013,29.974624863299358,1.8301251854720095,8198.056626102876,21.972780968006564,74.99481661880482,45.23218,102.73849603905755,97.67712888033485,118.523,9.01165240834744
Upper middle income,2014,29.968554252786447,1.8333919968765107,8528.833827250308,22.235415086388528,74.80053221360694,45.1319,103.06621833072545,96.42169480160698,118.46300000000001,9.051207916866359
Upper middle income,2015,29.852109657360682,1.8327503567589298,8271.612562753116,22.83479718404292,74.72273098402871,45.21547,103.25795090470378,97.64131331245538,119.584,9.020584758459961
Upper middle income,2016,29.587026977171575,1.830573163054645,8063.111017055341,23.21458770237396,74.63373115762275,45.11574,103.47095994848975,100.63492218019638,120.389,8.995054743293613
Upper middle income,2017,,,8191.687101806463,23.756009127789046,74.36845662449196,,,102.87397767079396,,9.010875150969554
World,2001,54.29089823124164,2.6394020030514707,5447.466890390217,14.086385707741636,68.05083728731822,38.75606,91.90912305002495,110.62183487687197,99.507,8.602905988854497
World,2002,52.63320222906738,2.619579890636172,5405.416386021242,15.164070367377382,68.17055482393833,39.14393,92.19590732413687,110.30407271334485,102.091,8.595156764297815
World,2003,51.230565102903974,2.603320240182432,5808.201587839136,15.17573878471398,68.25486658119594,38.86458,93.96882007594965,111.79170727444463,102.304,8.66702626455229
World,2004,50.017955654059286,2.589341950612549,6623.354347572844,15.897439162422184,68.31413845979579,39.27876,94.06062476837583,114.51822376877108,103.38000000000001,8.798357219631578
World,2005,49.071822087119564,2.570385661987684,7337.33475225945,16.481822126990153,68.39688722080376,39.88059,94.77117210756894,116.78227375001764,104.587,8.900730942895963
World,2006,48.315852152462156,2.561275855016099,7821.9612136241385,16.977676328371917,68.23212854285717,40.25081,95.23652466355588,117.46929321014946,106.09200000000001,8.964690596676745
World,2007,47.80024867167744,2.5526403207536355,8336.920206224979,17.870182879062103,68.02613361833795,40.58349,95.67596367720836,117.2971995925691,106.504,9.028449147323066
World,2008,47.58760002262153,2.5420926060926234,8929.320656848207,18.44565438577701,67.81464479244724,41.0388,96.44419232356006,113.92557184532563,106.989,9.097095596715633
World,2009,47.40064207312435,2.5236262654836517,8956.172235607091,19.028457003885908,67.69577552533153,41.54176,97.14552900359462,112.45584091219818,107.16300000000001,9.100098208843137
World,2010,47.1406746623318,2.5080240789376727,9380.453162512373,19.15964285714286,67.44765341704502,41.64324,97.25160006077584,114.30194973898783,107.29200000000002,9.146383352401788
World,2011,46.78599422095669,2.491964594197467,9866.874409069413,19.82915925034028,67.38978520619851,41.63394,97.4365775149717,115.00988233171822,107.26599999999999,9.19693840639564
World,2012,46.35671364591271,2.4837457497156024,10459.784747392647,20.757187871274343,67.32697448614144,41.60195,98.11075647668395,114.15283522012972,109.278,9.25529315876402
World,2013,46.01364503345094,2.468323837813367,10829.552810182531,21.765724335591447,67.36348858525231,41.75181,99.4468533869219,114.40152841820063,110.41099999999999,9.290034047377276
World,2014,45.61000892788741,2.461470581394398,10932.872464404127,22.184438093726023,67.40183150737771,41.97323,99.72282896343111,114.046559574322,111.27499999999999,9.299529352169714
World,2015,45.14614970204898,2.4518294863723384,10594.81749998714,22.852165879154242,67.40116418416099,42.05328,99.96028292908096,115.0218290703591,111.58399999999999,9.26812024544665
World,2016,44.56454937625792,2.4390176264404944,10326.488182591656,23.02033476878909,67.58139101176815,42.1295,100.50729550812885,115.81490390785724,112.326,9.242467541350122
World,2017,,,10366.143326734757,23.650625127577054,67.45314704115366,,,117.32977204471304,,9.246300325273278
